name,fits_file,status,message,ra_deg,dec_deg,redshift,rband_survey
SN2013da,/Users/lluisgalbany/Downloads/HST_UV/data/hst_programs/17179/drc/MAST_2025-08-10T09_44_38.398Z/HST/if0g01010_drc.fits,ok,,206.401,-7.32572,0.024245,LegacySurvey
SN2013dl,/Users/lluisgalbany/Downloads/HST_UV/data/hst_programs/16741/drc/MAST_2025-09-30T10_42_02.034Z/HST/iepo2v010_drc.fits,ok,,19.674,-7.44436,0.017731,LegacySurvey
SN2013ef,/Users/lluisgalbany/Downloads/HST_UV/data/hst_programs/16741/drc/MAST_2025-09-30T10_42_02.034Z/HST/iepo3b010_drc.fits,ok,,28.8363,6.60981,0.017251,LegacySurvey
SN2013ex,/Users/lluisgalbany/Downloads/HST_UV/data/hst_programs/16741/drc/MAST_2025-09-30T10_42_02.034Z/HST/iepo01010_drc.fits,ok,,83.1942,-14.0459,0.010242,LegacySurvey
ASASSN-13ch,/Users/lluisgalbany/Downloads/HST_UV/data/hst_programs/17179/drc/MAST_2025-08-10T09_44_38.398Z/HST/if0g0l010_drc.fits,ok,,244.142,-0.590939,0.016468,LegacySurvey
ASASSN-13cj,/Users/lluisgalbany/Downloads/HST_UV/data/hst_programs/17179/drc/MAST_2025-08-10T09_44_38.398Z/HST/if0g0m010_drc.fits,ok,,244.296,4.55409,0.016464,LegacySurvey
ASASSN-13cp,/Users/lluisgalbany/Downloads/HST_UV/data/hst_programs/16741/drc/MAST_2025-09-30T10_42_02.034Z/HST/iepo71010_drc.fits,ok,,233.455,21.1394,0.023508,LegacySurvey
ASASSN-13cu,/Users/lluisgalbany/Downloads/HST_UV/data/hst_programs/17179/drc/MAST_2025-08-10T09_44_38.398Z/HST/if0g0n010_drc.fits,ok,,10.0422,-10.4405,0.02718,LegacySurvey
SN2008hv,/Users/lluisgalbany/Downloads/HST_UV/data/hst_programs/16741/drc/MAST_2025-09-30T10_42_02.034Z/HST/iepo1v010_drc.fits,ok,,136.892,3.39225,0.012646,LegacySurvey
SN2013hk,/Users/lluisgalbany/Downloads/HST_UV/data/hst_programs/17179/drc/MAST_2025-08-10T09_44_38.398Z/HST/if0g0o010_drc.fits,ok,,45.5452,15.9274,0.017004,PanSTARRS
ASASSN-14ba,/Users/lluisgalbany/Downloads/HST_UV/data/hst_programs/17179/drc/MAST_2025-08-10T09_44_38.398Z/HST/if0g0p010_drc.fits,ok,,155.383,8.40587,0.032646,LegacySurvey
ASASSN-14cu,/Users/lluisgalbany/Downloads/HST_UV/data/hst_programs/16741/drc/MAST_2025-09-30T10_42_02.034Z/HST/iepo50010_drc.fits,ok,,191.761,-24.2448,0.024727,LegacySurvey
ASASSN-14db,/Users/lluisgalbany/Downloads/HST_UV/data/hst_programs/16741/drc/MAST_2025-09-30T10_42_02.034Z/HST/iepo0p010_drc.fits,ok,,330.508,-70.0406,0.037378,LegacySurvey
ASASSN-14dd,/Users/lluisgalbany/Downloads/HST_UV/data/hst_programs/17179/drc/MAST_2025-08-10T09_44_38.398Z/HST/if0g0q010_drc.fits,ok,,116.31,-71.4039,0.017842,LegacySurvey
ASASSN-14dz,/Users/lluisgalbany/Downloads/HST_UV/data/hst_programs/17179/drc/MAST_2025-08-10T09_44_38.398Z/HST/if0g23010_drc.fits,ok,,226.477,12.7454,0.02232,LegacySurvey
ASASSN-14fa,/Users/lluisgalbany/Downloads/HST_UV/data/hst_programs/17179/drc/MAST_2025-08-10T09_44_38.398Z/HST/if0g0r010_drc.fits,ok,,43.0961,-31.8217,0.022315,LegacySurvey
ASASSN-14hr,/Users/lluisgalbany/Downloads/HST_UV/data/hst_programs/16741/drc/MAST_2025-09-30T10_42_02.034Z/HST/iepo03010_drc.fits,ok,,27.672,-14.5184,0.033551,LegacySurvey
ASASSN-14hu,/Users/lluisgalbany/Downloads/HST_UV/data/hst_programs/16741/drc/MAST_2025-09-30T10_42_02.034Z/HST/iepo04010_drc.fits,ok,,100.862,-69.6374,0.021634,LegacySurvey
ASASSN-14ig,/Users/lluisgalbany/Downloads/HST_UV/data/hst_programs/16741/drc/MAST_2025-09-30T10_42_02.034Z/HST/iepo2p010_drc.fits,ok,,19.0206,-61.6213,0.029115,LegacySurvey
ASASSN-14jc,/Users/lluisgalbany/Downloads/HST_UV/data/hst_programs/16741/drc/MAST_2025-09-30T10_42_02.034Z/HST/iepo05010_drc.fits,ok,,113.897,-62.7702,0.011124,LegacySurvey
ASASSN-14jg,/Users/lluisgalbany/Downloads/HST_UV/data/hst_programs/16741/drc/MAST_2025-09-30T10_42_02.034Z/HST/iepo06010_drc.fits,ok,,353.308,-60.5699,0.014806,LegacySurvey
ASASSN-14kq,/Users/lluisgalbany/Downloads/HST_UV/data/hst_programs/16741/drc/MAST_2025-09-30T10_42_02.034Z/HST/iepo08010_drc.fits,ok,,356.315,-29.7837,0.033746,LegacySurvey
ASASSN-14lt,/Users/lluisgalbany/Downloads/HST_UV/data/hst_programs/16741/drc/MAST_2025-09-30T10_42_02.034Z/HST/iepo10010_drc.fits,ok,,47.7606,-13.1108,0.031894,LegacySurvey
ASASSN-14lv,/Users/lluisgalbany/Downloads/HST_UV/data/hst_programs/17179/drc/MAST_2025-08-10T09_44_38.398Z/HST/if0g06010_drc.fits,ok,,353.031,-41.2699,0.049281,LegacySurvey
ASASSN-14me,/Users/lluisgalbany/Downloads/HST_UV/data/hst_programs/16741/drc/MAST_2025-09-30T10_42_02.034Z/HST/iepo12010_drc.fits,ok,,21.667,-57.997,0.017868,LegacySurvey
ASASSN-14mf,/Users/lluisgalbany/Downloads/HST_UV/data/hst_programs/17179/drc/MAST_2025-08-10T09_44_38.398Z/HST/if0g07010_drc.fits,ok,,1.22692,-32.4374,0.031209,LegacySurvey
ASASSN-14mg,/Users/lluisgalbany/Downloads/HST_UV/data/hst_programs/17179/drc/MAST_2025-08-10T09_44_38.398Z/HST/if0g0t010_drc.fits,ok,,43.4921,-21.648,0.032295,LegacySurvey
ASASSN-14mw,/Users/lluisgalbany/Downloads/HST_UV/data/hst_programs/16741/drc/MAST_2025-09-30T10_42_02.034Z/HST/iepo14010_drc.fits,ok,,25.3548,-65.617,0.026782,LegacySurvey
ASASSN-15aj,/Users/lluisgalbany/Downloads/HST_UV/data/hst_programs/16741/drc/MAST_2025-09-30T10_42_02.034Z/HST/iepo15010_drc.fits,ok,,163.222,-32.9263,0.011142,LegacySurvey
ASASSN-15as,/Users/lluisgalbany/Downloads/HST_UV/data/hst_programs/16741/drc/MAST_2025-09-30T10_42_02.034Z/HST/iepo16010_drc.fits,ok,,144.819,6.43015,0.028732,LegacySurvey
ASASSN-15ba,/Users/lluisgalbany/Downloads/HST_UV/data/hst_programs/16741/drc/MAST_2025-09-30T10_42_02.034Z/HST/iepo17010_drc.fits,ok,,211.23,8.9207,0.023225,LegacySurvey
ASASSN-15be,/Users/lluisgalbany/Downloads/HST_UV/data/hst_programs/17179/drc/MAST_2025-08-10T09_44_38.398Z/HST/if0g10010_drc.fits,ok,,43.1933,-34.3146,0.021522,LegacySurvey
ASASSN-15bm,/Users/lluisgalbany/Downloads/HST_UV/data/hst_programs/16741/drc/MAST_2025-09-30T10_42_02.034Z/HST/iepo19010_drc.fits,ok,,226.465,-5.62696,0.020711,LegacySurvey
ASASSN-15da,/Users/lluisgalbany/Downloads/HST_UV/data/hst_programs/16741/drc/MAST_2025-09-30T10_42_02.034Z/HST/iepo20010_drc.fits,ok,,80.9662,-24.7023,0.048994,LegacySurvey
ASASSN-15db,/Users/lluisgalbany/Downloads/HST_UV/data/hst_programs/17179/drc/MAST_2025-08-10T09_44_38.398Z/HST/if0g12010_drc.fits,ok,,236.745,17.884,0.011,LegacySurvey
ASASSN-15fr,/Users/lluisgalbany/Downloads/HST_UV/data/hst_programs/16741/drc/MAST_2025-09-30T10_42_02.034Z/HST/iepo22010_drc.fits,ok,,140.085,-7.64077,0.033216,LegacySurvey
ASASSN-15go,/Users/lluisgalbany/Downloads/HST_UV/data/hst_programs/16741/drc/MAST_2025-09-30T10_42_02.034Z/HST/iepo23010_drc.fits,ok,,92.8771,-16.4843,0.019127,PanSTARRS
ASASSN-15hf,/Users/lluisgalbany/Downloads/HST_UV/data/hst_programs/17179/drc/MAST_2025-08-10T09_44_38.398Z/HST/if0g14010_drc.fits,ok,,157.378,-35.2598,0.005938,LegacySurvey
ASASSN-15hg,/Users/lluisgalbany/Downloads/HST_UV/data/hst_programs/16741/drc/MAST_2025-09-30T10_42_02.034Z/HST/iepo25010_drc.fits,ok,,148.453,9.19383,0.030008,LegacySurvey
ASASSN-15ho,/Users/lluisgalbany/Downloads/HST_UV/data/hst_programs/17179/drc/MAST_2025-08-10T09_44_38.398Z/HST/if0g0u010_drc.fits,ok,,137.35,-4.72527,0.041378,LegacySurvey
ASASSN-15hx,/Users/lluisgalbany/Downloads/HST_UV/data/hst_programs/16741/drc/MAST_2025-09-30T10_42_02.034Z/HST/iepo26010_drc.fits,ok,,205.82,-31.556,0.008188,LegacySurvey
SN2000dx,/Users/lluisgalbany/Downloads/HST_UV/data/hst_programs/17179/drc/MAST_2025-08-10T09_44_38.398Z/HST/if0g0j010_drc.fits,ok,,34.612,5.65056,0.030369,LegacySurvey
SN2023abqf,/Users/lluisgalbany/Downloads/HST_UV/data/hst_programs/17179/drc/MAST_2025-08-10T09_44_38.398Z/HST/if0g0k010_drc.fits,ok,,146.584,3.07127,0.019932,LegacySurvey
CSP12J,/Users/lluisgalbany/Downloads/HST_UV/data/hst_programs/16741/drc/MAST_2025-09-30T10_42_02.034Z/HST/iepo28010_drc.fits,ok,,91.7566,-69.3547,0.014756,LegacySurvey
CSP12N,/Users/lluisgalbany/Downloads/HST_UV/data/hst_programs/16741/drc/MAST_2025-09-30T10_42_02.034Z/HST/iepo29010_drc.fits,ok,,189.567,-15.1089,0.097314,LegacySurvey
CSP13Q,/Users/lluisgalbany/Downloads/HST_UV/data/hst_programs/16741/drc/MAST_2025-09-30T10_42_02.034Z/HST/iepo37010_drc.fits,ok,,30.5898,-65.7357,0.089079,LegacySurvey
CSP13V,/Users/lluisgalbany/Downloads/HST_UV/data/hst_programs/17179/drc/MAST_2025-08-10T09_44_38.398Z/HST/if0g20010_drc.fits,ok,,153.292,-16.5317,0.055605,LegacySurvey
CSP13aad,/Users/lluisgalbany/Downloads/HST_UV/data/hst_programs/16741/drc/MAST_2025-09-30T10_42_02.034Z/HST/iepo30010_drc.fits,ok,,26.5389,-67.4667,0.086723,LegacySurvey
CSP13aaf,/Users/lluisgalbany/Downloads/HST_UV/data/hst_programs/17179/drc/MAST_2025-08-10T09_44_38.398Z/HST/if0g18010_drc.fits,ok,,148.784,6.80872,0.077753,LegacySurvey
CSP13aam,/Users/lluisgalbany/Downloads/HST_UV/data/hst_programs/17179/drc/MAST_2025-08-10T09_44_38.398Z/HST/if0g0w010_drc.fits,ok,,78.6979,-66.8414,0.07491,LegacySurvey
CSP13aao,/Users/lluisgalbany/Downloads/HST_UV/data/hst_programs/16741/drc/MAST_2025-09-30T10_42_02.034Z/HST/iepo32010_drc.fits,ok,,89.6266,-63.5606,0.06148,LegacySurvey
CSP13aaq,/Users/lluisgalbany/Downloads/HST_UV/data/hst_programs/16741/drc/MAST_2025-09-30T10_42_02.034Z/HST/iepo33010_drc.fits,ok,,64.9467,-63.7228,0.059722,LegacySurvey
CSP13aay,/Users/lluisgalbany/Downloads/HST_UV/data/hst_programs/16741/drc/MAST_2025-09-30T10_42_02.034Z/HST/iepo34010_drc.fits,ok,,51.3896,-53.7386,0.059555,LegacySurvey
CSP13abl,/Users/lluisgalbany/Downloads/HST_UV/data/hst_programs/16741/drc/MAST_2025-09-30T10_42_02.034Z/HST/iepo35010_drc.fits,ok,,99.529,-75.727,0.040023,LegacySurvey
CSP13abm,/Users/lluisgalbany/Downloads/HST_UV/data/hst_programs/16741/drc/MAST_2025-09-30T10_42_02.034Z/HST/iepo36010_drc.fits,ok,,46.4995,4.54394,0.028157,LegacySurvey
CSP14aal,/Users/lluisgalbany/Downloads/HST_UV/data/hst_programs/17179/drc/MAST_2025-08-10T09_44_38.398Z/HST/if0g0z010_drc.fits,ok,,149.413,12.5549,0.077313,LegacySurvey
CSP14aaq,/Users/lluisgalbany/Downloads/HST_UV/data/hst_programs/16741/drc/MAST_2025-09-30T10_42_02.034Z/HST/iepo40010_drc.fits,ok,,93.4502,-67.9208,0.036521,LegacySurvey
CSP14aar,/Users/lluisgalbany/Downloads/HST_UV/data/hst_programs/17179/drc/MAST_2025-08-10T09_44_38.398Z/HST/if0g1a010_drc.fits,ok,,87.0979,-66.7916,0.041974,LegacySurvey
SN2014bz,/Users/lluisgalbany/Downloads/HST_UV/data/hst_programs/17179/drc/MAST_2025-08-10T09_44_38.398Z/HST/if0g1b010_drc.fits,ok,,209.017,-43.5861,0.022516,SkyMapper
CSP14acl,/Users/lluisgalbany/Downloads/HST_UV/data/hst_programs/17179/drc/MAST_2025-08-10T09_44_38.398Z/HST/if0g1c010_drc.fits,ok,,15.2793,-10.3111,0.029613,LegacySurvey
CSS121006:232854+085452,/Users/lluisgalbany/Downloads/HST_UV/data/hst_programs/17179/drc/MAST_2025-08-10T09_44_38.398Z/HST/if0g1e010_drc.fits,ok,,352.227,8.91433,0.075645,LegacySurvey
CSS121114:090202+101800,/Users/lluisgalbany/Downloads/HST_UV/data/hst_programs/16741/drc/MAST_2025-09-30T10_42_02.034Z/HST/iepo44010_drc.fits,ok,,135.51,10.3,0.037193,LegacySurvey
CSS130317:082848+293031,/Users/lluisgalbany/Downloads/HST_UV/data/hst_programs/17179/drc/MAST_2025-08-10T09_44_38.398Z/HST/if0g1f010_drc.fits,ok,,127.199,29.5086,0.078281,LegacySurvey
SN2020xyw,/Users/lluisgalbany/Downloads/HST_UV/data/hst_programs/17179/drc/MAST_2025-08-10T09_44_38.398Z/HST/if0g71010_drc.fits,ok,,112.033,-62.358,0.010807,LegacySurvey
SN2003ic,/Users/lluisgalbany/Downloads/HST_UV/data/hst_programs/17179/drc/MAST_2025-08-10T09_44_38.398Z/HST/if0g2z010_drc.fits,ok,,10.4593,-9.30528,0.055541,LegacySurvey
SN2000ey,/Users/lluisgalbany/Downloads/HST_UV/data/hst_programs/17179/drc/MAST_2025-08-10T09_44_38.398Z/HST/if0g1g010_drc.fits,ok,,349.855,5.90586,0.0205,LegacySurvey
SN2005dm,/Users/lluisgalbany/Downloads/HST_UV/data/hst_programs/17179/drc/MAST_2025-08-10T09_44_38.398Z/HST/if0g1h010_drc.fits,ok,,34.6635,-6.903,0.016847,LegacySurvey
SN2020ejm,/Users/lluisgalbany/Downloads/HST_UV/data/hst_programs/17179/drc/MAST_2025-08-10T09_44_38.398Z/HST/if0g1i010_drc.fits,ok,,154.079,-33.5637,0.009716,SkyMapper
SN2017dps,/Users/lluisgalbany/Downloads/HST_UV/data/hst_programs/17179/drc/MAST_2025-08-10T09_44_38.398Z/HST/if0g1j010_drc.fits,ok,,204.167,-33.967,0.012493,LegacySurvey
SN1999ee,/Users/lluisgalbany/Downloads/HST_UV/data/hst_programs/17179/drc/MAST_2025-08-10T09_44_38.398Z/HST/if0g1k010_drc.fits,ok,,334.042,-36.8444,0.011292,LegacySurvey
KISS13l,/Users/lluisgalbany/Downloads/HST_UV/data/hst_programs/17179/drc/MAST_2025-08-10T09_44_38.398Z/HST/if0g24010_drc.fits,ok,,168.725,29.585,0.13081,LegacySurvey
KISS15n,/Users/lluisgalbany/Downloads/HST_UV/data/hst_programs/17179/drc/MAST_2025-08-10T09_44_38.398Z/HST/if0g26010_drc.fits,ok,,195.135,27.9781,0.02346,LegacySurvey
LSQ11bk,/Users/lluisgalbany/Downloads/HST_UV/data/hst_programs/17179/drc/MAST_2025-08-10T09_44_38.398Z/HST/if0g1q010_drc.fits,ok,,65.1844,-8.59882,0.040345,LegacySurvey
LSQ12btn,/Users/lluisgalbany/Downloads/HST_UV/data/hst_programs/17179/drc/MAST_2025-08-10T09_44_38.398Z/HST/if0g13010_drc.fits,ok,,140.377,-9.69163,0.054152,LegacySurvey
LSQ12cda,/Users/lluisgalbany/Downloads/HST_UV/data/hst_programs/16741/drc/MAST_2025-09-30T10_42_02.034Z/HST/iepo64010_drc.fits,ok,,207.51,9.62975,0.137579,LegacySurvey
LSQ12cfx,/Users/lluisgalbany/Downloads/HST_UV/data/hst_programs/16741/drc/MAST_2025-09-30T10_42_02.034Z/HST/iepo65010_drc.fits,ok,,209.921,-25.3808,0.037941,LegacySurvey
LSQ12cid,/Users/lluisgalbany/Downloads/HST_UV/data/hst_programs/16741/drc/MAST_2025-09-30T10_42_02.034Z/HST/iepo66010_drc.fits,ok,,150.988,-6.24382,0.062722,LegacySurvey
LSQ12dbr,/Users/lluisgalbany/Downloads/HST_UV/data/hst_programs/17179/drc/MAST_2025-08-10T09_44_38.398Z/HST/if0g1r010_drc.fits,ok,,314.716,-2.97419,0.019654,LegacySurvey
LSQ12fhs,/Users/lluisgalbany/Downloads/HST_UV/data/hst_programs/16741/drc/MAST_2025-09-30T10_42_02.034Z/HST/iepo67010_drc.fits,ok,,343.098,-20.6148,0.033021,LegacySurvey
LSQ12fmx,/Users/lluisgalbany/Downloads/HST_UV/data/hst_programs/17179/drc/MAST_2025-08-10T09_44_38.398Z/HST/if0g1s010_drc.fits,ok,,48.2174,-0.203556,0.067314,LegacySurvey
LSQ12fuk,/Users/lluisgalbany/Downloads/HST_UV/data/hst_programs/16741/drc/MAST_2025-09-30T10_42_02.034Z/HST/iepo68010_drc.fits,ok,,74.5662,-16.2995,0.02042,LegacySurvey
SN2012he,/Users/lluisgalbany/Downloads/HST_UV/data/hst_programs/16741/drc/MAST_2025-09-30T10_42_02.034Z/HST/iepo69010_drc.fits,ok,,75.2086,-38.6532,0.055877,LegacySurvey
LSQ12fxd,/Users/lluisgalbany/Downloads/HST_UV/data/hst_programs/16741/drc/MAST_2025-09-30T10_42_02.034Z/HST/iepo70010_drc.fits,ok,,80.5709,-25.5964,0.031577,LegacySurvey
LSQ12gln,/Users/lluisgalbany/Downloads/HST_UV/data/hst_programs/17179/drc/MAST_2025-08-10T09_44_38.398Z/HST/if0g1t010_drc.fits,ok,,80.7475,-33.4643,0.101994,LegacySurvey
LSQ12gpw,/Users/lluisgalbany/Downloads/HST_UV/data/hst_programs/17179/drc/MAST_2025-08-10T09_44_38.398Z/HST/if0g33010_drc.fits,ok,,48.2427,-11.7111,0.05075,LegacySurvey
LSQ12gxj,/Users/lluisgalbany/Downloads/HST_UV/data/hst_programs/16741/drc/MAST_2025-09-30T10_42_02.034Z/HST/iepo73010_drc.fits,ok,,43.2391,1.60674,0.035366,LegacySurvey
LSQ12gyc,/Users/lluisgalbany/Downloads/HST_UV/data/hst_programs/16741/drc/MAST_2025-09-30T10_42_02.034Z/HST/iepo74010_drc.fits,ok,,41.4586,-17.9294,0.089708,LegacySurvey
LSQ12hjm,/Users/lluisgalbany/Downloads/HST_UV/data/hst_programs/16741/drc/MAST_2025-09-30T10_42_02.034Z/HST/iepo76010_drc.fits,ok,,47.6197,-16.4936,0.071255,LegacySurvey
LSQ12hnx,/Users/lluisgalbany/Downloads/HST_UV/data/hst_programs/17179/drc/MAST_2025-08-10T09_44_38.398Z/HST/if0g1v010_drc.fits,ok,,38.8242,-30.9637,0.156433,LegacySurvey
LSQ12hvj,/Users/lluisgalbany/Downloads/HST_UV/data/hst_programs/17179/drc/MAST_2025-08-10T09_44_38.398Z/HST/if0g38010_drc.fits,ok,,166.911,-29.7114,0.071163,LegacySurvey
LSQ12hxx,/Users/lluisgalbany/Downloads/HST_UV/data/hst_programs/17179/drc/MAST_2025-08-10T09_44_38.398Z/HST/if0g39010_drc.fits,ok,,49.9343,-27.0071,0.06931,LegacySurvey
LSQ12hzj,/Users/lluisgalbany/Downloads/HST_UV/data/hst_programs/17179/drc/MAST_2025-08-10T09_44_38.398Z/HST/if0g40010_drc.fits,ok,,149.802,-9.00229,0.033429,LegacySurvey
LSQ12hzs,/Users/lluisgalbany/Downloads/HST_UV/data/hst_programs/17179/drc/MAST_2025-08-10T09_44_38.398Z/HST/if0g41010_drc.fits,ok,,60.4717,-26.6639,0.072065,LegacySurvey
LSQ13cmt,/Users/lluisgalbany/Downloads/HST_UV/data/hst_programs/17179/drc/MAST_2025-08-10T09_44_38.398Z/HST/if0g1w010_drc.fits,ok,,15.6748,-21.8732,0.056896,LegacySurvey
LSQ13crf,/Users/lluisgalbany/Downloads/HST_UV/data/hst_programs/16741/drc/MAST_2025-09-30T10_42_02.034Z/HST/iepo82010_drc.fits,ok,,47.7093,1.42192,0.048844,LegacySurvey
LSQ13cwp,/Users/lluisgalbany/Downloads/HST_UV/data/hst_programs/16741/drc/MAST_2025-09-30T10_42_02.034Z/HST/iepo83010_drc.fits,ok,,60.961,-2.65499,0.066253,LegacySurvey
LSQ13dby,/Users/lluisgalbany/Downloads/HST_UV/data/hst_programs/17179/drc/MAST_2025-08-10T09_44_38.398Z/HST/if0g1x010_drc.fits,ok,,51.6785,-34.6349,0.1,LegacySurvey
LSQ13dcy,/Users/lluisgalbany/Downloads/HST_UV/data/hst_programs/16741/drc/MAST_2025-09-30T10_42_02.034Z/HST/iepo84010_drc.fits,ok,,73.8184,-20.0015,0.079911,LegacySurvey
LSQ13dhj,/Users/lluisgalbany/Downloads/HST_UV/data/hst_programs/17179/drc/MAST_2025-08-10T09_44_38.398Z/HST/if0g44010_drc.fits,ok,,33.1437,-37.3397,0.093442,LegacySurvey
LSQ13dkp,/Users/lluisgalbany/Downloads/HST_UV/data/hst_programs/17179/drc/MAST_2025-08-10T09_44_38.398Z/HST/if0g45010_drc.fits,ok,,47.5415,-36.6291,0.069111,LegacySurvey
LSQ13dqh,/Users/lluisgalbany/Downloads/HST_UV/data/hst_programs/16741/drc/MAST_2025-09-30T10_42_02.034Z/HST/iepo87010_drc.fits,ok,,65.5246,-2.89007,0.103938,LegacySurvey
LSQ13dsm,/Users/lluisgalbany/Downloads/HST_UV/data/hst_programs/16741/drc/MAST_2025-09-30T10_42_02.034Z/HST/iepo88010_drc.fits,ok,,53.3035,-26.2067,0.04258,LegacySurvey
LSQ13lq,/Users/lluisgalbany/Downloads/HST_UV/data/hst_programs/16741/drc/MAST_2025-09-30T10_42_02.034Z/HST/iepo89010_drc.fits,ok,,206.045,3.06206,0.075574,LegacySurvey
LSQ13pf,/Users/lluisgalbany/Downloads/HST_UV/data/hst_programs/16741/drc/MAST_2025-09-30T10_42_02.034Z/HST/iepo90010_drc.fits,ok,,207.06,-11.6441,0.086209,LegacySurvey
LSQ13ry,/Users/lluisgalbany/Downloads/HST_UV/data/hst_programs/16741/drc/MAST_2025-09-30T10_42_02.034Z/HST/iepo91010_drc.fits,ok,,158.2,4.19771,0.029911,LegacySurvey
LSQ14act,/Users/lluisgalbany/Downloads/HST_UV/data/hst_programs/16741/drc/MAST_2025-09-30T10_42_02.034Z/HST/iepo92010_drc.fits,ok,,239.936,-10.4447,0.058822,LegacySurvey
LSQ14aeg,/Users/lluisgalbany/Downloads/HST_UV/data/hst_programs/17179/drc/MAST_2025-08-10T09_44_38.398Z/HST/if0g1y010_drc.fits,ok,,154.903,19.5556,0.064615,LegacySurvey
LSQ14age,/Users/lluisgalbany/Downloads/HST_UV/data/hst_programs/17179/drc/MAST_2025-08-10T09_44_38.398Z/HST/if0g50010_drc.fits,ok,,201.036,-13.4406,0.080404,LegacySurvey
LSQ14ahc,/Users/lluisgalbany/Downloads/HST_UV/data/hst_programs/16741/drc/MAST_2025-09-30T10_42_02.034Z/HST/iepo94010_drc.fits,ok,,205.951,-32.9098,0.050859,LegacySurvey
LSQ14bjj,/Users/lluisgalbany/Downloads/HST_UV/data/hst_programs/16741/drc/MAST_2025-09-30T10_42_02.034Z/HST/iepo99010_drc.fits,ok,,215.204,-5.25063,0.080975,LegacySurvey
LSQ14fmg,/Users/lluisgalbany/Downloads/HST_UV/data/hst_programs/17179/drc/MAST_2025-08-10T09_44_38.398Z/HST/if0g1z010_drc.fits,ok,,334.192,15.3539,0.065923,LegacySurvey
LSQ14fms,/Users/lluisgalbany/Downloads/HST_UV/data/hst_programs/17179/drc/MAST_2025-08-10T09_44_38.398Z/HST/if0g54010_drc.fits,ok,,3.74925,-51.211,0.076367,LegacySurvey
LSQ14foj,/Users/lluisgalbany/Downloads/HST_UV/data/hst_programs/16741/drc/MAST_2025-09-30T10_42_02.034Z/HST/iepo0b010_drc.fits,ok,,6.64446,-32.8092,0.046111,LegacySurvey
LSQ14gde,/Users/lluisgalbany/Downloads/HST_UV/data/hst_programs/17179/drc/MAST_2025-08-10T09_44_38.398Z/HST/if0g2a010_drc.fits,ok,,15.177,-14.9926,0.055595,LegacySurvey
LSQ14gfb,/Users/lluisgalbany/Downloads/HST_UV/data/hst_programs/16741/drc/MAST_2025-09-30T10_42_02.034Z/HST/iepo0c010_drc.fits,ok,,77.524,-36.3121,0.053295,LegacySurvey
LSQ14gfn,/Users/lluisgalbany/Downloads/HST_UV/data/hst_programs/16741/drc/MAST_2025-09-30T10_42_02.034Z/HST/iepo0d010_drc.fits,ok,,52.134,-4.20395,0.121436,LegacySurvey
LSQ14ghv,/Users/lluisgalbany/Downloads/HST_UV/data/hst_programs/17179/drc/MAST_2025-08-10T09_44_38.398Z/HST/if0g58010_drc.fits,ok,,50.934,-31.5842,0.067037,LegacySurvey
LSQ14gov,/Users/lluisgalbany/Downloads/HST_UV/data/hst_programs/16741/drc/MAST_2025-09-30T10_42_02.034Z/HST/iepo0f010_drc.fits,ok,,61.5055,-16.0282,0.089588,LegacySurvey
LSQ14ie,/Users/lluisgalbany/Downloads/HST_UV/data/hst_programs/16741/drc/MAST_2025-09-30T10_42_02.034Z/HST/iepo0g010_drc.fits,ok,,193.889,-32.9445,0.089497,LegacySurvey
LSQ14ip,/Users/lluisgalbany/Downloads/HST_UV/data/hst_programs/16741/drc/MAST_2025-09-30T10_42_02.034Z/HST/iepo0h010_drc.fits,ok,,146.084,4.59793,0.061451,LegacySurvey
LSQ14mc,/Users/lluisgalbany/Downloads/HST_UV/data/hst_programs/16741/drc/MAST_2025-09-30T10_42_02.034Z/HST/iepo0i010_drc.fits,ok,,135.556,17.0603,0.056668,LegacySurvey
LSQ14wp,/Users/lluisgalbany/Downloads/HST_UV/data/hst_programs/17179/drc/MAST_2025-08-10T09_44_38.398Z/HST/if0g61010_drc.fits,ok,,153.524,6.67515,0.06962,LegacySurvey
LSQ14xi,/Users/lluisgalbany/Downloads/HST_UV/data/hst_programs/16741/drc/MAST_2025-09-30T10_42_02.034Z/HST/iepo0k010_drc.fits,ok,,187.672,-13.7728,0.05036,LegacySurvey
LSQ15aja,/Users/lluisgalbany/Downloads/HST_UV/data/hst_programs/17179/drc/MAST_2025-08-10T09_44_38.398Z/HST/if0g2b010_drc.fits,ok,,255.787,12.4616,0.070007,LegacySurvey
LSQ15alq,/Users/lluisgalbany/Downloads/HST_UV/data/hst_programs/16741/drc/MAST_2025-09-30T10_42_02.034Z/HST/iepo0l010_drc.fits,ok,,197.327,-25.8723,0.046968,LegacySurvey
SN2008ee,/Users/lluisgalbany/Downloads/HST_UV/data/hst_programs/17179/drc/MAST_2025-08-10T09_44_38.398Z/HST/if0g2c010_drc.fits,ok,,14.1373,-1.77111,0.013253,LegacySurvey
SN1995Y,/Users/lluisgalbany/Downloads/HST_UV/data/hst_programs/17179/drc/MAST_2025-08-10T09_44_38.398Z/HST/if0g2d010_drc.fits,ok,,17.7483,33.1446,0.017501,LegacySurvey
SN2018djd,/Users/lluisgalbany/Downloads/HST_UV/data/hst_programs/17179/drc/MAST_2025-08-10T09_44_38.398Z/HST/if0g2e010_drc.fits,ok,,33.641,-0.765769,0.026401,LegacySurvey
SN2004fd,/Users/lluisgalbany/Downloads/HST_UV/data/hst_programs/17179/drc/MAST_2025-08-10T09_44_38.398Z/HST/if0g2f010_drc.fits,ok,,40.8135,32.4238,0.017265,PanSTARRS
SN2012ec,/Users/lluisgalbany/Downloads/HST_UV/data/hst_programs/17179/drc/MAST_2025-08-10T09_44_38.398Z/HST/if0g4x010_drc.fits,ok,,41.4995,-7.57417,0.00465,LegacySurvey
SN2008cm,/Users/lluisgalbany/Downloads/HST_UV/data/hst_programs/17179/drc/MAST_2025-08-10T09_44_38.398Z/HST/if0g2i010_drc.fits,ok,,109.161,-62.3147,0.010608,LegacySurvey
SN2016gwl,/Users/lluisgalbany/Downloads/HST_UV/data/hst_programs/17179/drc/MAST_2025-08-10T09_44_38.398Z/HST/if0g74010_drc.fits,ok,,140.867,-23.1697,0.008985,PanSTARRS
SN2020ftl,/Users/lluisgalbany/Downloads/HST_UV/data/hst_programs/17179/drc/MAST_2025-08-10T09_44_38.398Z/HST/if0g2l010_drc.fits,ok,,185.016,5.34269,0.007349,LegacySurvey
SN1968I,/Users/lluisgalbany/Downloads/HST_UV/data/hst_programs/17179/drc/MAST_2025-08-10T09_44_38.398Z/HST/if0g29010_drc.fits,ok,,197.204,-6.778,0.005536,LegacySurvey
SN2018zz,/Users/lluisgalbany/Downloads/HST_UV/data/hst_programs/17179/drc/MAST_2025-08-10T09_44_38.398Z/HST/if0g2m010_drc.fits,ok,,210.913,-33.9785,0.013935,LegacySurvey
SN2017cbv,/Users/lluisgalbany/Downloads/HST_UV/data/hst_programs/17179/drc/MAST_2025-08-10T09_44_38.398Z/HST/if0g97010_drc.fits,ok,,218.143,-44.1341,0.003939,SkyMapper
SN2009Y,/Users/lluisgalbany/Downloads/HST_UV/data/hst_programs/17179/drc/MAST_2025-08-10T09_44_38.398Z/HST/if0g30010_drc.fits,ok,,220.599,-17.2468,0.0102,LegacySurvey
PS1-14xw,/Users/lluisgalbany/Downloads/HST_UV/data/hst_programs/16741/drc/MAST_2025-09-30T10_42_02.034Z/HST/iepo0n010_drc.fits,ok,,253.24,2.39347,0.023947,LegacySurvey
SN2000do,/Users/lluisgalbany/Downloads/HST_UV/data/hst_programs/17179/drc/MAST_2025-08-10T09_44_38.398Z/HST/if0g2n010_drc.fits,ok,,287.859,-50.6401,0.010758,LegacySurvey
SN1997de,/Users/lluisgalbany/Downloads/HST_UV/data/hst_programs/17179/drc/MAST_2025-08-10T09_44_38.398Z/HST/if0g2o010_drc.fits,ok,,289.587,-60.495,0.012668,LegacySurvey
SN2017hgz,/Users/lluisgalbany/Downloads/HST_UV/data/hst_programs/17179/drc/MAST_2025-08-10T09_44_38.398Z/HST/if0g2p010_drc.fits,ok,,327.084,-34.9529,0.016161,LegacySurvey
SN2022wsp,/Users/lluisgalbany/Downloads/HST_UV/data/hst_programs/17179/drc/MAST_2025-08-10T09_44_38.398Z/HST/if0g2q010_drc.fits,ok,,345.015,15.9785,0.007291,LegacySurvey
SN1998dh,/Users/lluisgalbany/Downloads/HST_UV/data/hst_programs/17179/drc/MAST_2025-08-10T09_44_38.398Z/HST/if0g2r010_drc.fits,ok,,348.668,4.53725,0.008884,LegacySurvey
SN2011hb,/Users/lluisgalbany/Downloads/HST_UV/data/hst_programs/16741/drc/MAST_2025-09-30T10_42_02.034Z/HST/iepo3d010_drc.fits,ok,,351.981,8.77936,0.029135,LegacySurvey
OGLE16euo,/Users/lluisgalbany/Downloads/HST_UV/data/hst_programs/17179/drc/MAST_2025-08-10T09_44_38.398Z/HST/if0g2s010_drc.fits,ok,,42.5798,-75.3915,0.058602,LegacySurvey
SN2018hnq,/Users/lluisgalbany/Downloads/HST_UV/data/hst_programs/17179/drc/MAST_2025-08-10T09_44_38.398Z/HST/if0g2t010_drc.fits,ok,,96.9109,-54.4567,0.048834,LegacySurvey
PS1-13eao,/Users/lluisgalbany/Downloads/HST_UV/data/hst_programs/16741/drc/MAST_2025-09-30T10_42_02.034Z/HST/iepo0o010_drc.fits,ok,,52.4848,-28.7716,0.037067,LegacySurvey
PS15mb,/Users/lluisgalbany/Downloads/HST_UV/data/hst_programs/16741/drc/MAST_2025-09-30T10_42_02.034Z/HST/iepo3k010_drc.fits,ok,,134.917,15.1868,0.028765,LegacySurvey
PS15mt,/Users/lluisgalbany/Downloads/HST_UV/data/hst_programs/17179/drc/MAST_2025-08-10T09_44_38.398Z/HST/if0g2u010_drc.fits,ok,,148.684,23.1981,0.071122,LegacySurvey
PSNJ07250042+2347030,/Users/lluisgalbany/Downloads/HST_UV/data/hst_programs/16741/drc/MAST_2025-09-30T10_42_02.034Z/HST/iepo0s010_drc.fits,ok,,111.252,23.7842,0.018463,LegacySurvey
iPTF14hvh,/Users/lluisgalbany/Downloads/HST_UV/data/hst_programs/16741/drc/MAST_2025-09-30T10_42_02.034Z/HST/iepo0t010_drc.fits,ok,,157.367,22.013,0.054421,LegacySurvey
SN2011hk,/Users/lluisgalbany/Downloads/HST_UV/data/hst_programs/16741/drc/MAST_2025-09-30T10_42_02.034Z/HST/iepo0u010_drc.fits,ok,,34.6908,-6.64169,0.017326,LegacySurvey
PTF11qmo,/Users/lluisgalbany/Downloads/HST_UV/data/hst_programs/17179/drc/MAST_2025-08-10T09_44_38.398Z/HST/if0g31010_drc.fits,ok,,151.707,-7.68675,0.055339,LegacySurvey
PTF12iiq,/Users/lluisgalbany/Downloads/HST_UV/data/hst_programs/16741/drc/MAST_2025-09-30T10_42_02.034Z/HST/iepo0w010_drc.fits,ok,,42.5323,-0.265111,0.029754,LegacySurvey
PTF12jgb,/Users/lluisgalbany/Downloads/HST_UV/data/hst_programs/17179/drc/MAST_2025-08-10T09_44_38.398Z/HST/if0g2x010_drc.fits,ok,,63.756,-15.3483,0.028229,LegacySurvey
SN1986G,/Users/lluisgalbany/Downloads/HST_UV/data/hst_programs/16741/drc/MAST_2025-09-30T10_42_02.034Z/HST/iepo0x010_drc.fits,ok,,201.402,-43.0317,0.00183,LegacySurvey
SN1991bj,/Users/lluisgalbany/Downloads/HST_UV/data/hst_programs/17179/drc/MAST_2025-08-10T09_44_38.398Z/HST/if0g32010_drc.fits,ok,,55.377,-4.66378,0.01814,LegacySurvey
SN2001da,/Users/lluisgalbany/Downloads/HST_UV/data/hst_programs/16741/drc/MAST_2025-09-30T10_42_02.034Z/HST/iepo0z010_drc.fits,ok,,358.387,8.11739,0.017234,LegacySurvey
SN2001el,/Users/lluisgalbany/Downloads/HST_UV/data/hst_programs/16741/drc/MAST_2025-09-30T10_42_02.034Z/HST/iepo1a010_drc.fits,ok,,56.1274,-44.6399,0.003669,LegacySurvey
SN2002ha,/Users/lluisgalbany/Downloads/HST_UV/data/hst_programs/16741/drc/MAST_2025-09-30T10_42_02.034Z/HST/iepo2g010_drc.fits,ok,,311.827,0.312669,0.013774,LegacySurvey
SN2002jg,/Users/lluisgalbany/Downloads/HST_UV/data/hst_programs/16741/drc/MAST_2025-09-30T10_42_02.034Z/HST/iepo1c010_drc.fits,ok,,334.87,29.3846,0.015207,LegacySurvey
SN2004cs,/Users/lluisgalbany/Downloads/HST_UV/data/hst_programs/17179/drc/MAST_2025-08-10T09_44_38.398Z/HST/if0g37010_drc.fits,ok,,267.56,14.2832,0.01403,LegacySurvey
SN2004ey,/Users/lluisgalbany/Downloads/HST_UV/data/hst_programs/16741/drc/MAST_2025-09-30T10_42_02.034Z/HST/iepo1e010_drc.fits,ok,,327.283,0.444219,0.015855,LegacySurvey
SN2004gc,/Users/lluisgalbany/Downloads/HST_UV/data/hst_programs/16741/drc/MAST_2025-09-30T10_42_02.034Z/HST/iepo1f010_drc.fits,ok,,80.4581,6.67603,0.031487,PanSTARRS
SN2004gs,/Users/lluisgalbany/Downloads/HST_UV/data/hst_programs/17179/drc/MAST_2025-08-10T09_44_38.398Z/HST/if0g67010_drc.fits,ok,,129.597,17.6277,0.027573,LegacySurvey
SN2005M,/Users/lluisgalbany/Downloads/HST_UV/data/hst_programs/16741/drc/MAST_2025-09-30T10_42_02.034Z/HST/iepo1p010_drc.fits,ok,,144.385,23.2007,0.024425,LegacySurvey
SN2005ag,/Users/lluisgalbany/Downloads/HST_UV/data/hst_programs/16741/drc/MAST_2025-09-30T10_42_02.034Z/HST/iepo1h010_drc.fits,ok,,224.182,9.32847,0.079358,LegacySurvey
SN2005al,/Users/lluisgalbany/Downloads/HST_UV/data/hst_programs/16741/drc/MAST_2025-09-30T10_42_02.034Z/HST/iepo3j010_drc.fits,ok,,207.501,-30.5762,0.012373,LegacySurvey
SN2005be,/Users/lluisgalbany/Downloads/HST_UV/data/hst_programs/17179/drc/MAST_2025-08-10T09_44_38.398Z/HST/if0g3a010_drc.fits,ok,,224.886,16.6699,0.033838,LegacySurvey
SN2005bs,/Users/lluisgalbany/Downloads/HST_UV/data/hst_programs/17179/drc/MAST_2025-08-10T09_44_38.398Z/HST/if0g3b010_drc.fits,ok,,302.559,-56.6454,0.052189,LegacySurvey
SN2005cf,/Users/lluisgalbany/Downloads/HST_UV/data/hst_programs/16741/drc/MAST_2025-09-30T10_42_02.034Z/HST/iepo1j010_drc.fits,ok,,230.384,-7.41319,0.006687,LegacySurvey
SN2005cf_B,/Users/lluisgalbany/Downloads/HST_UV/data/hst_programs/17179/drc/MAST_2025-08-10T09_44_38.398Z/HST/if0g43010_drc.fits,outside_fov_nan,coord_out_of_bounds,230.384,-7.41319,0.006685,
SN2005el,/Users/lluisgalbany/Downloads/HST_UV/data/hst_programs/16741/drc/MAST_2025-09-30T10_42_02.034Z/HST/iepo1k010_drc.fits,ok,,77.953,5.19428,0.014818,LegacySurvey
SN2005gj,/Users/lluisgalbany/Downloads/HST_UV/data/hst_programs/17179/drc/MAST_2025-08-10T09_44_38.398Z/HST/if0g3c010_drc.fits,ok,,45.2998,-0.553861,0.061661,LegacySurvey
SN2005hj,/Users/lluisgalbany/Downloads/HST_UV/data/hst_programs/17179/drc/MAST_2025-08-10T09_44_38.398Z/HST/if0g3e010_drc.fits,ok,,21.7011,-1.238,0.05739,LegacySurvey
SN2005hk,/Users/lluisgalbany/Downloads/HST_UV/data/hst_programs/17179/drc/MAST_2025-08-10T09_44_38.398Z/HST/if0g46010_drc.fits,ok,,6.96196,-1.19792,0.013015,LegacySurvey
SN2005ir,/Users/lluisgalbany/Downloads/HST_UV/data/hst_programs/17179/drc/MAST_2025-08-10T09_44_38.398Z/HST/if0g3f010_drc.fits,ok,,19.1823,0.794561,0.076199,LegacySurvey
SN2005ke,/Users/lluisgalbany/Downloads/HST_UV/data/hst_programs/16741/drc/MAST_2025-09-30T10_42_02.034Z/HST/iepo1n010_drc.fits,ok,,53.7681,-24.9441,0.004947,LegacySurvey
SN2005ki,/Users/lluisgalbany/Downloads/HST_UV/data/hst_programs/17179/drc/MAST_2025-08-10T09_44_38.398Z/HST/if0g3g010_drc.fits,ok,,160.118,9.20233,0.019606,LegacySurvey
SN2005ku,/Users/lluisgalbany/Downloads/HST_UV/data/hst_programs/17179/drc/MAST_2025-08-10T09_44_38.398Z/HST/if0g3h010_drc.fits,ok,,344.928,-0.0136889,0.04534,LegacySurvey
SN2005lu,/Users/lluisgalbany/Downloads/HST_UV/data/hst_programs/16741/drc/MAST_2025-09-30T10_42_02.034Z/HST/iepo1o010_drc.fits,ok,,39.0155,-17.2639,0.031989,LegacySurvey
SN2005na,/Users/lluisgalbany/Downloads/HST_UV/data/hst_programs/16741/drc/MAST_2025-09-30T10_42_02.034Z/HST/iepo1q010_drc.fits,ok,,105.403,14.1333,0.026356,PanSTARRS
SN2006E,/Users/lluisgalbany/Downloads/HST_UV/data/hst_programs/16741/drc/MAST_2025-09-30T10_42_02.034Z/HST/iepo1y010_drc.fits,ok,,208.369,5.20633,0.002643,LegacySurvey
SN2006bh,/Users/lluisgalbany/Downloads/HST_UV/data/hst_programs/16741/drc/MAST_2025-09-30T10_42_02.034Z/HST/iepo1r010_drc.fits,ok,,340.067,-66.4851,0.010847,LegacySurvey
SN2006br,/Users/lluisgalbany/Downloads/HST_UV/data/hst_programs/17179/drc/MAST_2025-08-10T09_44_38.398Z/HST/if0g72010_drc.fits,ok,,202.507,13.4158,0.024773,LegacySurvey
SN2006bt,/Users/lluisgalbany/Downloads/HST_UV/data/hst_programs/16741/drc/MAST_2025-09-30T10_42_02.034Z/HST/iepo77010_drc.fits,ok,,239.127,20.046,0.032229,LegacySurvey
SN2006cm,/Users/lluisgalbany/Downloads/HST_UV/data/hst_programs/17179/drc/MAST_2025-08-10T09_44_38.398Z/HST/if0g3i010_drc.fits,ok,,320.073,-1.68408,0.01637,LegacySurvey
SN2006mr,/Users/lluisgalbany/Downloads/HST_UV/data/hst_programs/16741/drc/MAST_2025-09-30T10_42_02.034Z/HST/iepo4i010_drc.fits,ok,,50.6793,-37.2081,0.005867,LegacySurvey
SN2006ef,/Users/lluisgalbany/Downloads/HST_UV/data/hst_programs/16741/drc/MAST_2025-09-30T10_42_02.034Z/HST/iepo1u010_drc.fits,ok,,31.0813,-8.72839,0.017823,LegacySurvey
SN2006ej,/Users/lluisgalbany/Downloads/HST_UV/data/hst_programs/16741/drc/MAST_2025-09-30T10_42_02.034Z/HST/iepo0v010_drc.fits,ok,,9.74904,-9.01572,0.020501,LegacySurvey
SN2006eq,/Users/lluisgalbany/Downloads/HST_UV/data/hst_programs/17179/drc/MAST_2025-08-10T09_44_38.398Z/HST/if0g3j010_drc.fits,ok,,322.155,1.22811,0.049537,LegacySurvey
SN2006fw,/Users/lluisgalbany/Downloads/HST_UV/data/hst_programs/17179/drc/MAST_2025-08-10T09_44_38.398Z/HST/if0g3k010_drc.fits,ok,,26.7931,-0.147,0.083507,LegacySurvey
SN2006gt,/Users/lluisgalbany/Downloads/HST_UV/data/hst_programs/17179/drc/MAST_2025-08-10T09_44_38.398Z/HST/if0g3l010_drc.fits,ok,,14.0721,-1.62944,0.044791,LegacySurvey
SN2006hb,/Users/lluisgalbany/Downloads/HST_UV/data/hst_programs/17179/drc/MAST_2025-08-10T09_44_38.398Z/HST/if0g3m010_drc.fits,ok,,75.5053,-21.132,0.015093,LegacySurvey
SN2006hx,/Users/lluisgalbany/Downloads/HST_UV/data/hst_programs/17179/drc/MAST_2025-08-10T09_44_38.398Z/HST/if0g3n010_drc.fits,ok,,18.4888,0.371669,0.045447,LegacySurvey
SN2006is,/Users/lluisgalbany/Downloads/HST_UV/data/hst_programs/17179/drc/MAST_2025-08-10T09_44_38.398Z/HST/if0g3o010_drc.fits,ok,,79.3932,-23.7817,0.031281,LegacySurvey
SN2006lu,/Users/lluisgalbany/Downloads/HST_UV/data/hst_programs/16741/drc/MAST_2025-09-30T10_42_02.034Z/HST/iepo1w010_drc.fits,ok,,138.823,-25.6001,0.053268,PanSTARRS
SN2006ob,/Users/lluisgalbany/Downloads/HST_UV/data/hst_programs/16741/drc/MAST_2025-09-30T10_42_02.034Z/HST/iepo1x010_drc.fits,ok,,27.9505,0.263419,0.059106,LegacySurvey
SN2006os,/Users/lluisgalbany/Downloads/HST_UV/data/hst_programs/16741/drc/MAST_2025-09-30T10_42_02.034Z/HST/iepo11010_drc.fits,ok,,43.7542,16.0097,0.033221,PanSTARRS
SN2006ot,/Users/lluisgalbany/Downloads/HST_UV/data/hst_programs/16741/drc/MAST_2025-09-30T10_42_02.034Z/HST/iepo09010_drc.fits,ok,,33.7702,-20.7662,0.053689,LegacySurvey
SN2006py,/Users/lluisgalbany/Downloads/HST_UV/data/hst_programs/17179/drc/MAST_2025-08-10T09_44_38.398Z/HST/if0g3p010_drc.fits,ok,,340.425,-0.136919,0.057823,LegacySurvey
SN2007S,/Users/lluisgalbany/Downloads/HST_UV/data/hst_programs/17179/drc/MAST_2025-08-10T09_44_38.398Z/HST/if0g78010_drc.fits,ok,,150.13,4.40728,0.013924,LegacySurvey
SN2007ai,/Users/lluisgalbany/Downloads/HST_UV/data/hst_programs/16741/drc/MAST_2025-09-30T10_42_02.034Z/HST/iepo2a010_drc.fits,ok,,243.224,-21.6302,0.031798,LegacySurvey
SN2007al,/Users/lluisgalbany/Downloads/HST_UV/data/hst_programs/17179/drc/MAST_2025-08-10T09_44_38.398Z/HST/if0g3q010_drc.fits,ok,,149.827,-19.4738,0.012204,LegacySurvey
SN2007as,/Users/lluisgalbany/Downloads/HST_UV/data/hst_programs/16741/drc/MAST_2025-09-30T10_42_02.034Z/HST/iepo2b010_drc.fits,ok,,141.9,-80.1776,0.017075,LegacySurvey
SN2007ba,/Users/lluisgalbany/Downloads/HST_UV/data/hst_programs/17179/drc/MAST_2025-08-10T09_44_38.398Z/HST/if0g77010_drc.fits,ok,,229.178,7.39661,0.038237,LegacySurvey
SN2007bc,/Users/lluisgalbany/Downloads/HST_UV/data/hst_programs/16741/drc/MAST_2025-09-30T10_42_02.034Z/HST/iepo2d010_drc.fits,ok,,169.811,20.809,0.020638,LegacySurvey
SN2007bm,/Users/lluisgalbany/Downloads/HST_UV/data/hst_programs/16741/drc/MAST_2025-09-30T10_42_02.034Z/HST/iepo2e010_drc.fits,ok,,171.26,-9.79828,0.00622,LegacySurvey
SN2007ca,/Users/lluisgalbany/Downloads/HST_UV/data/hst_programs/16741/drc/MAST_2025-09-30T10_42_02.034Z/HST/iepo2f010_drc.fits,ok,,202.774,-15.1018,0.014131,LegacySurvey
SN2007cq,/Users/lluisgalbany/Downloads/HST_UV/data/hst_programs/16741/drc/MAST_2025-09-30T10_42_02.034Z/HST/iepo3p010_drc.fits,ok,,333.668,5.08025,0.025966,LegacySurvey
SN2007fb,/Users/lluisgalbany/Downloads/HST_UV/data/hst_programs/17179/drc/MAST_2025-08-10T09_44_38.398Z/HST/if0g55010_drc.fits,ok,,359.218,5.50883,0.018062,LegacySurvey
SN2007fs,/Users/lluisgalbany/Downloads/HST_UV/data/hst_programs/17179/drc/MAST_2025-08-10T09_44_38.398Z/HST/if0g56010_drc.fits,ok,,330.418,-21.5082,0.017281,LegacySurvey
SN2007hj,/Users/lluisgalbany/Downloads/HST_UV/data/hst_programs/16741/drc/MAST_2025-09-30T10_42_02.034Z/HST/iepo41010_drc.fits,ok,,345.45,15.5865,0.014132,LegacySurvey
SN2007hx,/Users/lluisgalbany/Downloads/HST_UV/data/hst_programs/17179/drc/MAST_2025-08-10T09_44_38.398Z/HST/if0g3r010_drc.fits,ok,,31.6128,-0.899531,0.079109,LegacySurvey
SN2007if,/Users/lluisgalbany/Downloads/HST_UV/data/hst_programs/17179/drc/MAST_2025-08-10T09_44_38.398Z/HST/if0g3s010_drc.fits,ok,,17.714,15.4611,0.075163,LegacySurvey
SN2007jg,/Users/lluisgalbany/Downloads/HST_UV/data/hst_programs/17179/drc/MAST_2025-08-10T09_44_38.398Z/HST/if0g3t010_drc.fits,ok,,52.4617,0.0568333,0.037085,LegacySurvey
SN2007jh,/Users/lluisgalbany/Downloads/HST_UV/data/hst_programs/17179/drc/MAST_2025-08-10T09_44_38.398Z/HST/if0g3u010_drc.fits,ok,,54.0064,1.10339,0.040759,LegacySurvey
SN2007le,/Users/lluisgalbany/Downloads/HST_UV/data/hst_programs/16741/drc/MAST_2025-09-30T10_42_02.034Z/HST/iepo2h010_drc.fits,ok,,354.702,-6.52258,0.006678,LegacySurvey
SN2007mm,/Users/lluisgalbany/Downloads/HST_UV/data/hst_programs/17179/drc/MAST_2025-08-10T09_44_38.398Z/HST/if0g3v010_drc.fits,ok,,16.4445,-0.758831,0.06649,LegacySurvey
SN2007ol,/Users/lluisgalbany/Downloads/HST_UV/data/hst_programs/17179/drc/MAST_2025-08-10T09_44_38.398Z/HST/if0g3w010_drc.fits,ok,,24.3487,-0.312,0.056024,LegacySurvey
SN2011iv,/Users/lluisgalbany/Downloads/HST_UV/data/hst_programs/16741/drc/MAST_2025-09-30T10_42_02.034Z/HST/iepo3e010_drc.fits,ok,,54.714,-35.5922,0.006501,LegacySurvey
SN2007on,/Users/lluisgalbany/Downloads/HST_UV/data/hst_programs/16741/drc/MAST_2025-09-30T10_42_02.034Z/HST/iepo4k010_drc.fits,ok,,54.7121,-35.575,0.006501,LegacySurvey
SN2007so,/Users/lluisgalbany/Downloads/HST_UV/data/hst_programs/17179/drc/MAST_2025-08-10T09_44_38.398Z/HST/if0g3x010_drc.fits,ok,,41.9297,13.2541,0.029367,LegacySurvey
SN2007st,/Users/lluisgalbany/Downloads/HST_UV/data/hst_programs/17179/drc/MAST_2025-08-10T09_44_38.398Z/HST/if0g80010_drc.fits,ok,,27.177,-48.6494,0.021109,LegacySurvey
SNF20080612-003,/Users/lluisgalbany/Downloads/HST_UV/data/hst_programs/17179/drc/MAST_2025-08-10T09_44_38.398Z/HST/if0g3y010_drc.fits,ok,,243.868,19.2266,0.032656,LegacySurvey
SN2008J,/Users/lluisgalbany/Downloads/HST_UV/data/hst_programs/17179/drc/MAST_2025-08-10T09_44_38.398Z/HST/if0g84010_drc.fits,ok,,38.6008,-10.844,0.016054,LegacySurvey
SN2008O,/Users/lluisgalbany/Downloads/HST_UV/data/hst_programs/17179/drc/MAST_2025-08-10T09_44_38.398Z/HST/if0g4i010_drc.fits,ok,,104.394,-45.8123,0.038937,SkyMapper
SN2008R,/Users/lluisgalbany/Downloads/HST_UV/data/hst_programs/17179/drc/MAST_2025-08-10T09_44_38.398Z/HST/if0g4j010_drc.fits,ok,,45.9737,-11.9943,0.013413,LegacySurvey
SN2008ae,/Users/lluisgalbany/Downloads/HST_UV/data/hst_programs/17179/drc/MAST_2025-08-10T09_44_38.398Z/HST/if0g59010_drc.fits,ok,,149.013,10.4997,0.030062,LegacySurvey
SN2008ar,/Users/lluisgalbany/Downloads/HST_UV/data/hst_programs/16741/drc/MAST_2025-09-30T10_42_02.034Z/HST/iepo2l010_drc.fits,ok,,186.158,10.8382,0.026085,LegacySurvey
SN2008bc,/Users/lluisgalbany/Downloads/HST_UV/data/hst_programs/17179/drc/MAST_2025-08-10T09_44_38.398Z/HST/if0g3z010_drc.fits,ok,,144.63,-63.9738,0.014825,SkyMapper
SN2008bd,/Users/lluisgalbany/Downloads/HST_UV/data/hst_programs/17179/drc/MAST_2025-08-10T09_44_38.398Z/HST/if0g4a010_drc.fits,ok,,154.597,-13.1031,0.029861,LegacySurvey
SN2008bq,/Users/lluisgalbany/Downloads/HST_UV/data/hst_programs/16741/drc/MAST_2025-09-30T10_42_02.034Z/HST/iepo2m010_drc.fits,ok,,100.26,-38.0386,0.034099,SkyMapper
SN2008bt,/Users/lluisgalbany/Downloads/HST_UV/data/hst_programs/17179/drc/MAST_2025-08-10T09_44_38.398Z/HST/if0g82010_drc.fits,ok,,162.57,-12.1089,0.015431,LegacySurvey
SN2008cc,/Users/lluisgalbany/Downloads/HST_UV/data/hst_programs/16741/drc/MAST_2025-09-30T10_42_02.034Z/HST/iepo4l010_drc.fits,ok,,315.873,-67.1836,0.010487,LegacySurvey
SN2008cf,/Users/lluisgalbany/Downloads/HST_UV/data/hst_programs/17179/drc/MAST_2025-08-10T09_44_38.398Z/HST/if0g4c010_drc.fits,ok,,211.886,-26.5518,0.047234,LegacySurvey
SN2008ff,/Users/lluisgalbany/Downloads/HST_UV/data/hst_programs/16741/drc/MAST_2025-09-30T10_42_02.034Z/HST/iepo1z010_drc.fits,ok,,303.5,-44.3522,0.01923,LegacySurvey
SN2008fl,/Users/lluisgalbany/Downloads/HST_UV/data/hst_programs/17179/drc/MAST_2025-08-10T09_44_38.398Z/HST/if0g4e010_drc.fits,ok,,294.187,-37.5513,0.020429,LegacySurvey
SN2008fp,/Users/lluisgalbany/Downloads/HST_UV/data/hst_programs/16741/drc/MAST_2025-09-30T10_42_02.034Z/HST/iepo1m010_drc.fits,ok,,109.136,-29.3255,0.005361,PanSTARRS
SN2008fr,/Users/lluisgalbany/Downloads/HST_UV/data/hst_programs/17179/drc/MAST_2025-08-10T09_44_38.398Z/HST/if0g4f010_drc.fits,ok,,17.9547,14.6408,0.039399,LegacySurvey
SN2008fu,/Users/lluisgalbany/Downloads/HST_UV/data/hst_programs/17179/drc/MAST_2025-08-10T09_44_38.398Z/HST/if0g83010_drc.fits,ok,,45.6187,-24.456,0.052437,LegacySurvey
SN2008ge,/Users/lluisgalbany/Downloads/HST_UV/data/hst_programs/17179/drc/MAST_2025-08-10T09_44_38.398Z/HST/if0g63010_drc.fits,ok,,62.1028,-47.8965,0.003835,LegacySurvey
SN2008gg,/Users/lluisgalbany/Downloads/HST_UV/data/hst_programs/16741/drc/MAST_2025-09-30T10_42_02.034Z/HST/iepo3r010_drc.fits,ok,,21.346,-18.1724,0.031942,LegacySurvey
SN2008hj,/Users/lluisgalbany/Downloads/HST_UV/data/hst_programs/16741/drc/MAST_2025-09-30T10_42_02.034Z/HST/iepo2r010_drc.fits,ok,,1.00796,-11.1687,0.037579,LegacySurvey
SN2008hu,/Users/lluisgalbany/Downloads/HST_UV/data/hst_programs/17179/drc/MAST_2025-08-10T09_44_38.398Z/HST/if0g4g010_drc.fits,ok,,122.311,-18.6536,0.050006,PanSTARRS
SN2008ia,/Users/lluisgalbany/Downloads/HST_UV/data/hst_programs/17179/drc/MAST_2025-08-10T09_44_38.398Z/HST/if0g4h010_drc.fits,ok,,132.646,-61.2779,0.022248,SkyMapper
SN2009D,/Users/lluisgalbany/Downloads/HST_UV/data/hst_programs/16741/drc/MAST_2025-09-30T10_42_02.034Z/HST/iepo75010_drc.fits,ok,,58.5951,-19.1817,0.025128,LegacySurvey
SN2009I,/Users/lluisgalbany/Downloads/HST_UV/data/hst_programs/16741/drc/MAST_2025-09-30T10_42_02.034Z/HST/iepo2w010_drc.fits,ok,,41.2933,-4.71372,0.02611,LegacySurvey
SN2009J,/Users/lluisgalbany/Downloads/HST_UV/data/hst_programs/17179/drc/MAST_2025-08-10T09_44_38.398Z/HST/if0g4n010_drc.fits,ok,,88.838,-76.9224,0.015755,LegacySurvey
SN2009aa,/Users/lluisgalbany/Downloads/HST_UV/data/hst_programs/17179/drc/MAST_2025-08-10T09_44_38.398Z/HST/if0g85010_drc.fits,ok,,170.926,-22.2707,0.027255,LegacySurvey
SN2009ab,/Users/lluisgalbany/Downloads/HST_UV/data/hst_programs/16741/drc/MAST_2025-09-30T10_42_02.034Z/HST/iepo2u010_drc.fits,ok,,64.1516,2.76417,0.011134,LegacySurvey
SN2009ag,/Users/lluisgalbany/Downloads/HST_UV/data/hst_programs/17179/drc/MAST_2025-08-10T09_44_38.398Z/HST/if0g4k010_drc.fits,ok,,107.92,-26.6851,0.008625,PanSTARRS
SN2009al,/Users/lluisgalbany/Downloads/HST_UV/data/hst_programs/17179/drc/MAST_2025-08-10T09_44_38.398Z/HST/if0g4l010_drc.fits,ok,,162.842,8.57853,0.022105,LegacySurvey
SN2009ig,/Users/lluisgalbany/Downloads/HST_UV/data/hst_programs/16741/drc/MAST_2025-09-30T10_42_02.034Z/HST/iepo2x010_drc.fits,ok,,39.5484,-1.31253,0.008867,LegacySurvey
SN2009jr,/Users/lluisgalbany/Downloads/HST_UV/data/hst_programs/16741/drc/MAST_2025-09-30T10_42_02.034Z/HST/iepo2y010_drc.fits,ok,,306.608,2.90917,0.016527,LegacySurvey
SN2009le,/Users/lluisgalbany/Downloads/HST_UV/data/hst_programs/16741/drc/MAST_2025-09-30T10_42_02.034Z/HST/iepo2z010_drc.fits,ok,,32.3214,-23.4124,0.017868,LegacySurvey
SN2009mz,/Users/lluisgalbany/Downloads/HST_UV/data/hst_programs/16741/drc/MAST_2025-09-30T10_42_02.034Z/HST/iepo3a010_drc.fits,ok,,210.853,-6.05869,0.008579,LegacySurvey
SN2009nr,/Users/lluisgalbany/Downloads/HST_UV/data/hst_programs/17179/drc/MAST_2025-08-10T09_44_38.398Z/HST/if0g4o010_drc.fits,ok,,197.746,11.4915,0.011224,LegacySurvey
SN2010ae,/Users/lluisgalbany/Downloads/HST_UV/data/hst_programs/17179/drc/MAST_2025-08-10T09_44_38.398Z/HST/if0g68010_drc.fits,ok,,108.978,-57.3436,0.003669,LegacySurvey
SN2010dl,/Users/lluisgalbany/Downloads/HST_UV/data/hst_programs/17179/drc/MAST_2025-08-10T09_44_38.398Z/HST/if0g4p010_drc.fits,ok,,323.754,-0.513281,0.030154,LegacySurvey
SN2010ev,/Users/lluisgalbany/Downloads/HST_UV/data/hst_programs/16741/drc/MAST_2025-09-30T10_42_02.034Z/HST/iepo3c010_drc.fits,ok,,156.371,-39.8309,0.009206,SkyMapper
SN2010ko,/Users/lluisgalbany/Downloads/HST_UV/data/hst_programs/17179/drc/MAST_2025-08-10T09_44_38.398Z/HST/if0g4q010_drc.fits,ok,,83.206,-14.0961,0.048177,LegacySurvey
SN2011Z,/Users/lluisgalbany/Downloads/HST_UV/data/hst_programs/17179/drc/MAST_2025-08-10T09_44_38.398Z/HST/if0g4v010_drc.fits,ok,,202.679,-20.9539,0.018361,LegacySurvey
SN2011ce,/Users/lluisgalbany/Downloads/HST_UV/data/hst_programs/17179/drc/MAST_2025-08-10T09_44_38.398Z/HST/if0g4r010_drc.fits,ok,,283.899,-53.7248,0.008652,LegacySurvey
SN2011gf,/Users/lluisgalbany/Downloads/HST_UV/data/hst_programs/17179/drc/MAST_2025-08-10T09_44_38.398Z/HST/if0g4s010_drc.fits,ok,,318.101,-7.81447,0.027647,LegacySurvey
SN2011ha,/Users/lluisgalbany/Downloads/HST_UV/data/hst_programs/17179/drc/MAST_2025-08-10T09_44_38.398Z/HST/if0g4t010_drc.fits,ok,,59.4203,10.1653,0.093963,LegacySurvey
SN2011io,/Users/lluisgalbany/Downloads/HST_UV/data/hst_programs/17179/drc/MAST_2025-08-10T09_44_38.398Z/HST/if0g4u010_drc.fits,ok,,345.698,8.80272,0.041409,LegacySurvey
SN2011jh,/Users/lluisgalbany/Downloads/HST_UV/data/hst_programs/16741/drc/MAST_2025-09-30T10_42_02.034Z/HST/iepo3f010_drc.fits,ok,,191.81,-10.0631,0.007865,LegacySurvey
SN2011jt,/Users/lluisgalbany/Downloads/HST_UV/data/hst_programs/16741/drc/MAST_2025-09-30T10_42_02.034Z/HST/iepo3h010_drc.fits,ok,,223.346,2.96197,0.027828,LegacySurvey
SN2012E,/Users/lluisgalbany/Downloads/HST_UV/data/hst_programs/17179/drc/MAST_2025-08-10T09_44_38.398Z/HST/if0g93010_drc.fits,ok,,38.345,9.58489,0.0203,LegacySurvey
SN2012G,/Users/lluisgalbany/Downloads/HST_UV/data/hst_programs/16741/drc/MAST_2025-09-30T10_42_02.034Z/HST/iepo3n010_drc.fits,ok,,189.896,16.5866,0.025947,LegacySurvey
SN2012U,/Users/lluisgalbany/Downloads/HST_UV/data/hst_programs/16741/drc/MAST_2025-09-30T10_42_02.034Z/HST/iepo3s010_drc.fits,ok,,31.518,-55.1937,0.019913,LegacySurvey
SN2012Z,/Users/lluisgalbany/Downloads/HST_UV/data/hst_programs/16741/drc/MAST_2025-09-30T10_42_02.034Z/HST/iepo3t010_drc.fits,ok,,50.5223,-15.3877,0.007093,LegacySurvey
SN2012aq,/Users/lluisgalbany/Downloads/HST_UV/data/hst_programs/17179/drc/MAST_2025-08-10T09_44_38.398Z/HST/if0g4w010_drc.fits,ok,,223.521,22.0946,0.045937,LegacySurvey
SN2012fk,/Users/lluisgalbany/Downloads/HST_UV/data/hst_programs/17179/drc/MAST_2025-08-10T09_44_38.398Z/HST/if0g57010_drc.fits,ok,,37.7168,22.4794,0.031669,LegacySurvey
SN2012fw,/Users/lluisgalbany/Downloads/HST_UV/data/hst_programs/16741/drc/MAST_2025-09-30T10_42_02.034Z/HST/iepo3i010_drc.fits,ok,,315.496,-48.2739,0.018761,LegacySurvey
SN2012gm,/Users/lluisgalbany/Downloads/HST_UV/data/hst_programs/16741/drc/MAST_2025-09-30T10_42_02.034Z/HST/iepo3o010_drc.fits,ok,,349.404,14.0025,0.014711,LegacySurvey
SN2012hr,/Users/lluisgalbany/Downloads/HST_UV/data/hst_programs/16741/drc/MAST_2025-09-30T10_42_02.034Z/HST/iepo3q010_drc.fits,ok,,95.4103,-59.7141,0.008,LegacySurvey
SN2013M,/Users/lluisgalbany/Downloads/HST_UV/data/hst_programs/16741/drc/MAST_2025-09-30T10_42_02.034Z/HST/iepo4f010_drc.fits,ok,,209.986,-37.8637,0.034956,LegacySurvey
SN2013aa,/Users/lluisgalbany/Downloads/HST_UV/data/hst_programs/16741/drc/MAST_2025-09-30T10_42_02.034Z/HST/iepo3u010_drc.fits,ok,,218.141,-44.2244,0.003999,SkyMapper
SN2013ad,/Users/lluisgalbany/Downloads/HST_UV/data/hst_programs/16741/drc/MAST_2025-09-30T10_42_02.034Z/HST/iepo3v010_drc.fits,ok,,54.671,10.3076,0.036468,LegacySurvey
SN2013aj,/Users/lluisgalbany/Downloads/HST_UV/data/hst_programs/17179/drc/MAST_2025-08-10T09_44_38.398Z/HST/if0g98010_drc.fits,ok,,208.503,-7.92883,0.009085,LegacySurvey
SN2013az,/Users/lluisgalbany/Downloads/HST_UV/data/hst_programs/16741/drc/MAST_2025-09-30T10_42_02.034Z/HST/iepo3y010_drc.fits,ok,,84.9672,-40.5078,0.037147,LegacySurvey
SN2013bz,/Users/lluisgalbany/Downloads/HST_UV/data/hst_programs/16741/drc/MAST_2025-09-30T10_42_02.034Z/HST/iepo3z010_drc.fits,ok,,201.714,-10.0256,0.019384,LegacySurvey
SN2013cs,/Users/lluisgalbany/Downloads/HST_UV/data/hst_programs/17179/drc/MAST_2025-08-10T09_44_38.398Z/HST/if0g73010_drc.fits,ok,,198.812,-17.9654,0.00922,LegacySurvey
SN2013ct,/Users/lluisgalbany/Downloads/HST_UV/data/hst_programs/16741/drc/MAST_2025-09-30T10_42_02.034Z/HST/iepo4b010_drc.fits,ok,,18.2288,0.979361,0.003905,LegacySurvey
SN2013fy,/Users/lluisgalbany/Downloads/HST_UV/data/hst_programs/16741/drc/MAST_2025-09-30T10_42_02.034Z/HST/iepo4c010_drc.fits,ok,,324.363,-47.0319,0.031013,LegacySurvey
SN2013gr,/Users/lluisgalbany/Downloads/HST_UV/data/hst_programs/17179/drc/MAST_2025-08-10T09_44_38.398Z/HST/if0g75010_drc.fits,ok,,26.6162,-58.6733,0.007355,LegacySurvey
SN2013gy,/Users/lluisgalbany/Downloads/HST_UV/data/hst_programs/16741/drc/MAST_2025-09-30T10_42_02.034Z/HST/iepo4e010_drc.fits,ok,,55.5703,-4.7218,0.014001,LegacySurvey
SN2014Z,/Users/lluisgalbany/Downloads/HST_UV/data/hst_programs/16741/drc/MAST_2025-09-30T10_42_02.034Z/HST/iepo4m010_drc.fits,ok,,26.0333,-61.1187,0.021258,LegacySurvey
SN2014ao,/Users/lluisgalbany/Downloads/HST_UV/data/hst_programs/16741/drc/MAST_2025-09-30T10_42_02.034Z/HST/iepo4g010_drc.fits,ok,,128.639,-2.54336,0.013961,LegacySurvey
SN2014at,/Users/lluisgalbany/Downloads/HST_UV/data/hst_programs/16741/drc/MAST_2025-09-30T10_42_02.034Z/HST/iepo4h010_drc.fits,ok,,326.562,-46.5225,0.031741,LegacySurvey
SN2014cr,/Users/lluisgalbany/Downloads/HST_UV/data/hst_programs/16741/drc/MAST_2025-09-30T10_42_02.034Z/HST/iepo3m010_drc.fits,ok,,294.276,-42.2974,0.019007,LegacySurvey
SN2014dm,/Users/lluisgalbany/Downloads/HST_UV/data/hst_programs/16741/drc/MAST_2025-09-30T10_42_02.034Z/HST/iepo4j010_drc.fits,ok,,62.0297,-8.827,0.03327,LegacySurvey
SN2015H,/Users/lluisgalbany/Downloads/HST_UV/data/hst_programs/17179/drc/MAST_2025-08-10T09_44_38.398Z/HST/if0g76010_drc.fits,ok,,163.676,-21.0705,0.012436,LegacySurvey
SN2016ecm,/Users/lluisgalbany/Downloads/HST_UV/data/hst_programs/17179/drc/MAST_2025-08-10T09_44_38.398Z/HST/if0g04010_drc.fits,ok,,35.0604,-40.8847,0.059606,LegacySurvey
SN2021bmw,/Users/lluisgalbany/Downloads/HST_UV/data/hst_programs/17179/drc/MAST_2025-08-10T09_44_38.398Z/HST/if0g09010_drc.fits,ok,,206.915,-29.4318,0.012782,LegacySurvey
SN2022vqz,/Users/lluisgalbany/Downloads/HST_UV/data/hst_programs/17179/drc/MAST_2025-08-10T09_44_38.398Z/HST/if0g15010_drc.fits,ok,,12.7741,29.5367,0.016875,LegacySurvey
iPTF13dge,/Users/lluisgalbany/Downloads/HST_UV/data/hst_programs/16741/drc/MAST_2025-09-30T10_42_02.034Z/HST/iepo46010_drc.fits,ok,,75.8962,1.5715,0.015892,LegacySurvey
iPTF13dkl,/Users/lluisgalbany/Downloads/HST_UV/data/hst_programs/17179/drc/MAST_2025-08-10T09_44_38.398Z/HST/if0g1m010_drc.fits,ok,,356.242,3.39453,0.051757,LegacySurvey
iPTF13dyt,/Users/lluisgalbany/Downloads/HST_UV/data/hst_programs/16741/drc/MAST_2025-09-30T10_42_02.034Z/HST/iepo48010_drc.fits,ok,,75.4511,2.69714,0.111413,LegacySurvey
iPTF14aje,/Users/lluisgalbany/Downloads/HST_UV/data/hst_programs/16741/drc/MAST_2025-09-30T10_42_02.034Z/HST/iepo49010_drc.fits,ok,,231.3,-1.81431,0.027577,LegacySurvey
SN2014ey,/Users/lluisgalbany/Downloads/HST_UV/data/hst_programs/17179/drc/MAST_2025-08-10T09_44_38.398Z/HST/if0g11010_drc.fits,ok,,226.125,2.3309,0.03198,LegacySurvey
iPTF14yy,/Users/lluisgalbany/Downloads/HST_UV/data/hst_programs/16741/drc/MAST_2025-09-30T10_42_02.034Z/HST/iepo52010_drc.fits,ok,,186.538,9.97894,0.043117,LegacySurvey
SN2009ev,/Users/lluisgalbany/Downloads/HST_UV/data/hst_programs/17179/drc/MAST_2025-08-10T09_44_38.398Z/HST/if0g4m010_drc.fits,ok,,198.573,-42.9802,0.011838,LegacySurvey
SN2011iy,/Users/lluisgalbany/Downloads/HST_UV/data/hst_programs/16741/drc/MAST_2025-09-30T10_42_02.034Z/HST/iepo0m010_drc.fits,ok,,197.243,-15.5178,0.00423,LegacySurvey
SN2019fkq,/Users/lluisgalbany/Downloads/HST_UV/data/hst_programs/17179/drc/MAST_2025-08-10T09_44_38.398Z/HST/if0g0i010_drc.fits,ok,,359.102,-29.0238,0.045,LegacySurvey
ASAS14lq,/Users/lluisgalbany/Downloads/HST_UV/data/hst_downloads/additional_f275w_bestexptime/mastDownload/HST/hst_14779_05_wfc3_uvis_f275w_id7605/hst_14779_05_wfc3_uvis_f275w_id7605_drc.fits,ok,,344.331,-20.9669,0.026173,LegacySurvey
ASAS14lw,/Users/lluisgalbany/Downloads/HST_UV/data/hst_downloads/additional_f275w_bestexptime/mastDownload/HST/hst_14779_06_wfc3_uvis_f275w_id7606/hst_14779_06_wfc3_uvis_f275w_id7606_drc.fits,ok,,16.7049,-46.9833,0.020886,LegacySurvey
CSP12G,/Users/lluisgalbany/Downloads/HST_UV/data/hst_downloads/additional_f275w_bestexptime/mastDownload/HST/hst_skycell-p1534x03y12_wfc3_uvis_f275w_all/hst_skycell-p1534x03y12_wfc3_uvis_f275w_all_drc.fits,ok,,135.51,10.3,0.036974,LegacySurvey
CSP14abn,/Users/lluisgalbany/Downloads/HST_UV/data/hst_downloads/additional_f275w_bestexptime/mastDownload/HST/hst_skycell-p0458x03y04_wfc3_uvis_f275w_all/hst_skycell-p0458x03y04_wfc3_uvis_f275w_all_drc.fits,ok,,209.017,-43.5861,0.0225,
CSP14acy,/Users/lluisgalbany/Downloads/HST_UV/data/hst_downloads/additional_f275w_bestexptime/mastDownload/HST/hst_14779_19_wfc3_uvis_f275w_id7619/hst_14779_19_wfc3_uvis_f275w_id7619_drc.fits,ok,,10.6198,-64.7642,0.066374,LegacySurvey
LSQ12fvl,/Users/lluisgalbany/Downloads/HST_UV/data/hst_downloads/additional_f275w_bestexptime/mastDownload/HST/hst_skycell-p0502x10y08_wfc3_uvis_f275w_all/hst_skycell-p0502x10y08_wfc3_uvis_f275w_all_drc.fits,ok,,75.2085,-38.6532,0.05593,LegacySurvey
LSQ13aiz,/Users/lluisgalbany/Downloads/HST_UV/data/hst_downloads/additional_f275w_bestexptime/mastDownload/HST/hst_skycell-p0927x03y11_wfc3_uvis_f275w_all/hst_skycell-p0927x03y11_wfc3_uvis_f275w_all_drc.fits,ok,,198.812,-17.9655,0.0092,LegacySurvey
PTF11pbp,/Users/lluisgalbany/Downloads/HST_UV/data/hst_downloads/additional_f275w_bestexptime/mastDownload/HST/hst_skycell-p1588x11y06_wfc3_uvis_f275w_all/hst_skycell-p1588x11y06_wfc3_uvis_f275w_all_drc.fits,ok,,351.981,8.77917,0.028903,LegacySurvey
PTF11pra,/Users/lluisgalbany/Downloads/HST_UV/data/hst_downloads/additional_f275w_bestexptime/mastDownload/HST/hst_skycell-p1152x18y08_wfc3_uvis_f275w_all/hst_skycell-p1152x18y08_wfc3_uvis_f275w_all_drc.fits,ok,,34.6909,-6.64194,0.017543,LegacySurvey
PTF11qnr,/Users/lluisgalbany/Downloads/HST_UV/data/hst_downloads/additional_f275w_bestexptime/mastDownload/HST/hst_16287_36_wfc3_uvis_f275w_iebj36/hst_16287_36_wfc3_uvis_f275w_iebj36_drc.fits,ok,,341.106,-0.167222,0.016217,LegacySurvey
PTF14fpg,/Users/lluisgalbany/Downloads/HST_UV/data/hst_downloads/additional_f275w_bestexptime/mastDownload/HST/hst_14779_55_wfc3_uvis_f275w_id7655/hst_14779_55_wfc3_uvis_f275w_id7655_drc.fits,ok,,7.05,7.16208,0.034,LegacySurvey
PTF14gnl,/Users/lluisgalbany/Downloads/HST_UV/data/hst_downloads/additional_f275w_bestexptime/mastDownload/HST/hst_14779_52_wfc3_uvis_f275w_id7652/hst_14779_52_wfc3_uvis_f275w_id7652_drc.fits,ok,,5.95137,-3.85775,0.05369,LegacySurvey
SN2006X,/Users/lluisgalbany/Downloads/HST_UV/data/hst_downloads/additional_f275w_bestexptime/mastDownload/HST/hst_15654_27_wfc3_uvis_f275w_idxr27/hst_15654_27_wfc3_uvis_f275w_idxr27_drc.fits,ok,,185.725,15.8092,0.005237,LegacySurvey
SN2007af,/Users/lluisgalbany/Downloads/HST_UV/data/hst_downloads/additional_f275w_bestexptime/mastDownload/HST/hst_16287_28_wfc3_uvis_f275w_iebj28/hst_16287_28_wfc3_uvis_f275w_iebj28_drc.fits,ok,,215.588,-0.393778,0.00546,LegacySurvey
SN2007nq,/Users/lluisgalbany/Downloads/HST_UV/data/hst_programs/17179/drc/MAST_2025-08-10T09_44_38.398Z/HST/if0g0h010_drc.fits,ok,,14.3899,-1.38861,0.045,LegacySurvey
SN2008ha,/Users/lluisgalbany/Downloads/HST_UV/data/hst_downloads/additional_f275w_bestexptime/mastDownload/HST/hst_14668_42_wfc3_uvis_f275w_id9642/hst_14668_42_wfc3_uvis_f275w_id9642_drc.fits,ok,,353.72,18.2265,0.004643,LegacySurvey
SN2012bl,/Users/lluisgalbany/Downloads/HST_UV/data/hst_downloads/additional_f275w_bestexptime/mastDownload/HST/hst_12582_05_wfc3_uvis_f275w_ibxb05/hst_12582_05_wfc3_uvis_f275w_ibxb05_drc.fits,ok,,305.98,-48.3548,0.018693,LegacySurvey
SN2012fr,/Users/lluisgalbany/Downloads/HST_UV/data/hst_downloads/additional_f275w_bestexptime/mastDownload/HST/hst_15654_09_wfc3_uvis_f275w_idxr09/hst_15654_09_wfc3_uvis_f275w_idxr09_drc.fits,ok,,53.4004,-36.1261,0.005453,LegacySurvey
SN2013fz,/Users/lluisgalbany/Downloads/HST_UV/data/hst_downloads/additional_f275w_bestexptime/mastDownload/HST/hst_15166_57_wfc3_uvis_f275w_idi157/hst_15166_57_wfc3_uvis_f275w_idi157_drc.fits,ok,,65.9435,-51.5962,0.020593,LegacySurvey
SN2014I,/Users/lluisgalbany/Downloads/HST_UV/data/hst_downloads/additional_f275w_bestexptime/mastDownload/HST/hst_14779_44_wfc3_uvis_f275w_id7644/hst_14779_44_wfc3_uvis_f275w_id7644_drc.fits,ok,,85.5825,-25.5444,0.029993,LegacySurvey
SN2015F,/Users/lluisgalbany/Downloads/HST_UV/data/hst_downloads/additional_f275w_bestexptime/mastDownload/HST/hst_14779_41_wfc3_uvis_f275w_id7641/hst_14779_41_wfc3_uvis_f275w_id7641_drc.fits,ok,,114.066,-69.5064,0.004887,LegacySurvey
SN1999cl,/Users/lluisgalbany/Downloads/HST_UV/data/hst_downloads/additional_f275w_bestexptime/mastDownload/HST/hst_18103_28_wfc3_uvis_f275w_ifoq28/hst_18103_28_wfc3_uvis_f275w_ifoq28_drc.fits,ok,,187.983,14.4265,0.00758707,LegacySurvey
SN2014dt,/Users/lluisgalbany/Downloads/HST_UV/data/hst_downloads/additional_f275w_bestexptime/mastDownload/HST/hst_14779_70_wfc3_uvis_f275w_id7670/hst_14779_70_wfc3_uvis_f275w_id7670_drc.fits,ok,,185.49,4.47181,0.005224,LegacySurvey
SN2020nvb,/Users/lluisgalbany/Downloads/HST_UV/data/hst_downloads/additional_f275w_bestexptime/mastDownload/HST/hst_17502_22_wfc3_uvis_f275w_ifab22/hst_17502_22_wfc3_uvis_f275w_ifab22_drc.fits,ok,,187.245,3.57278,0.00290134,LegacySurvey
SN2006dd,/Users/lluisgalbany/Downloads/HST_UV/data/hst_programs/16741/drc/MAST_2025-09-30T10_42_02.034Z/HST/iepo4i010_drc.fits,ok,,50.6734,-37.2036,0.005879,LegacySurvey
SN2010jo,/Users/lluisgalbany/Downloads/HST_UV/data/hst_programs/17179/drc/MAST_2025-08-10T09_44_38.398Z/HST/if0g0h010_drc.fits,ok,,14.3982,-1.39261,0.044971,LegacySurvey
KISS13j,/Users/lluisgalbany/Downloads/HST_UV/data/hst_programs/16741/drc/MAST_2025-09-30T10_42_02.034Z/HST/iepo53010_drc.fits,ok,,182.415,16.204,0.076476,LegacySurvey
LSQ11ot,/Users/lluisgalbany/Downloads/HST_UV/data/hst_programs/16741/drc/MAST_2025-09-30T10_42_02.034Z/HST/iepo57010_drc.fits,ok,,78.9514,6.7776,0.027385,PanSTARRS
SN2011jq,/Users/lluisgalbany/Downloads/HST_UV/data/hst_programs/16741/drc/MAST_2025-09-30T10_42_02.034Z/HST/iepo58010_drc.fits,ok,,79.1731,6.49172,0.033029,PanSTARRS
LSQ12bld,/Users/lluisgalbany/Downloads/HST_UV/data/hst_programs/16741/drc/MAST_2025-09-30T10_42_02.034Z/HST/iepo61010_drc.fits,ok,,205.683,8.09271,0.083578,LegacySurvey
LSQ12ca,/Users/lluisgalbany/Downloads/HST_UV/data/hst_programs/16741/drc/MAST_2025-09-30T10_42_02.034Z/HST/iepo63010_drc.fits,ok,,82.7651,-19.7998,0.098679,LegacySurvey
SN2009F,/Users/lluisgalbany/Downloads/HST_UV/data/hst_programs/16741/drc/MAST_2025-09-30T10_42_02.034Z/HST/iepo4n010_drc.fits,ok,,74.8482,-11.1306,0.012714,LegacySurvey
iPTF13efe,/Users/lluisgalbany/Downloads/HST_UV/data/hst_programs/17179/drc/MAST_2025-08-10T09_44_38.398Z/HST/if0g1n010_drc.fits,ok,,130.914,16.177,0.074954,LegacySurvey
